name,ingredients,steps,notes,improvement
多功能萬用麵糰（冷凍保存與蒸烤煎手法）,"配方一 500克麵粉純水萬用版 中筋麵粉500克 清水265克 速發酵母5克 砂糖25克 植物油8克 / 配方二 500克麵粉鮮奶升級版 中筋麵粉500克 全脂鮮乳290克 速發酵母5克 砂糖25克 植物油8克","👨‍🍳 製作步驟：
📋 萬用麵糰操作步驟（從冷凍到上桌）
階段一：前一天晚上的準備（最完美的退冰發酵）
• 移動麵糰：吃的前一天晚上，從冷凍庫拿出一塊（80g）小麵糰，直接放入冷藏室（約4°C）。
• 低溫熟成：麵糰會在冷藏室裡慢慢退冰，並在隔天早上自動完成低溫慢速發酵。
階段二：當天早上的料理變身（桿平 ➔ 加熱）
將退冰變軟的麵糰拿出來，依照您當天想吃的料理，選擇以下其中一種手法操作：
🍳 想用「煎」的（如：蔥油餅、烙餅）
• 手法：桌上撒一點乾麵粉防沾，將麵糰桿成大薄片，刷油、撒鹽與蔥花。
• 捲成長條再繞成蝸牛圓圈狀，壓平。
• 關鍵：完全不用等！壓平後立刻下油鍋，用中小火兩面煎至金黃酥脆。
🔥 想用「烤」的（如：薄皮披薩、烤餐包）
• 手法：將麵糰桿成大圓薄片（做披薩皮），抹上番茄醬、撒上乳酪絲與配料。
• 關鍵：完全不用等！直接送入預熱好 200°C 的烤箱或氣炸鍋，烘烤 10-12 分鐘。
💨 想用「蒸」的（如：手工饅頭、包子）
• 手法：將麵糰桿平、捲起並切成段（做成饅頭），底部墊一張烘焙紙。
• 關鍵：一定要等（二次發酵）！放在室溫靜置 25-35分鐘，直到體積變大 1.5 倍、拿起來感覺輕飄飄。
• 加熱：放入電鍋（外鍋 1 杯水，蓋子插根筷子留小縫），蒸 15 分鐘。跳起後悶 5 分鐘再開蓋。
🥖 想做<span>歐式麵包/貝果</span>（進階吃法）
• 手法：壓出大氣泡，整形成圓形餐包或包入無鹽奶油與砂糖（做爆漿餐包）。
• 關鍵：一定要等（二次發酵）！表面噴水防乾，放在未開火的烤箱內靜置發酵 40-50分鐘 至 2 倍大。
• 加熱：進烤箱前表面割劃幾刀並噴水霧，用 200°C 烘烤 15-18 分鐘。","• ⚠️ 四大核心注意事項
• 臨時想吃怎麼辦？如果前一晚忘記拿去冷藏，當天臨時想吃，可以連同保鮮膜直接泡在冷水裡 30 分鐘快速退冰，變軟後即可直接桿開料理。
• 為什麼「蒸」和「做麵包」一定要等？因為蒸和烤麵包需要蓬鬆、有氣孔的口感，必須給酵母時間在室溫下「甦醒、吐氣」。如果沒等就直接蒸烤，成品會像發糕一樣死硬。
• 為什麼「煎」和「烤披薩」不用等？煎餅和薄皮披薩追求的是外表酥脆、內層微 Q 的層次感。直接加熱可以防止麵糰膨脹得太大，反而能烤煎出完美的香脆度。
• 冷凍能放多久？放在夾鏈袋密封冷凍，最佳賞味期為 2 至 4 週。請盡量在一個月內吃完，酵母的活性最好。",
連得堂餅家-雞蛋煎餅 (不加水版),"📌 材料準備（約可做 10-12 片）：
• 中筋麵粉：150 克（使用中筋更接近台南老店的扎實硬脆感）
• 雞蛋：1 顆
• 無鹽奶油（融化）：30 克
• 砂糖：60 克（老店風味偏甜，越嚼越香）
• 鮮乳：10-20 克（視麵糊稠度增減，僅供調整使用）
• 裝飾物：可依個人喜好準備海苔粉或白芝麻。","👨‍🍳 製作步驟：
• 打發蛋糖：將雞蛋與砂糖放入碗中，用力攪拌至顏色變淺、砂糖完全融化。
• 加入液態油脂：倒入融化的無鹽奶油（或植物油）與香草精，攪拌均勻。
• 篩入粉類：分次篩入中筋麵粉，用刮刀以「切拌」方式混合，避免過度揉捏產生筋度。
• 調整稠度：視情況緩慢加入牛奶，攪拌至麵糊呈現「極度濃稠、不輕易流動」的狀態（這是硬脆的關鍵，不加一滴水）。
• 烤箱預熱與整形：烤箱預熱 170°C。
• 在烤盤鋪上烘焙紙，用湯匙挖取適量麵糊，並覆蓋另一張烘焙紙，用平底重物用力壓成薄片。
• 烘烤與壓實：放入烤箱烤約 8-10 分鐘，取出趁稍微軟化時再次壓平，再續烤 5-8 分鐘至金黃焦脆。
• 完全冷卻：出爐後務必放在架上徹底放涼，餅乾才會變硬。",,
450克生吐司專用配方,"• 高筋麵粉：225 克
• 砂糖：18 克
• 蜂蜜：11 克
• 鹽：4 克
• 脫脂奶粉：7 克
• 鮮酵母：4.5 克 （💡 若家裡只有一般「乾酵母」，請除以 3，使用 1.5 克 即可）
• 蛋黃：9 克 （💡 約半顆蛋黃，多一點點沒關係）
• 牛奶：117 克
• 水：45 克
• 黃油（無鹽奶油）：22.5 克","👨‍🍳 製作步驟：
• 準備工作：將牛奶、水、蛋黃秤好後，放入冰箱冷藏備用（液體夠冰，麵糰才不會過熱）。黃油（奶油）切小塊，放在室溫下軟化至手指能輕易壓出凹痕的程度。
• 步驟 1：攪拌成團（慢速）。將高筋麵粉、細砂糖、脫脂奶粉、鹽、鮮酵母放入攪拌機（或麵包機）中。倒入冰牛奶、冰水（留 10 克調整用）與蛋黃。開慢速攪拌 2~3 分鐘，直到看不見乾粉、聚合成團。※如果覺得太乾，再把預留的水補進去。
• 步驟 2：揉至擴展（快速）。轉中高速攪拌約 5~7 分鐘。停機檢查：切下一小塊麵糰撐開，能拉出較厚、容易破裂的膜，這時就是「擴展階段」。
• 步驟 3：加黃油，揉出「手套膜」（慢速 ➡️ 快速）。加入軟化的黃油，先開慢速攪拌 2 分鐘，讓黃油完全融入麵糰。轉中高速繼續攪拌約 4~6 分鐘。終極檢查：雙手沾一點點水，取一塊麵糰慢慢撐開。如果能形成透光、薄如手套的薄膜，且用手指戳一個洞，洞口邊緣非常光滑（沒有鋸齒狀），就代表揉好了！注意：此時麵糰理想溫度應在 24°C ~ 26°C 之間。
• 步驟 4：第一次發酵（基礎發酵）。將揉好的麵糰滾圓，收口朝下，放入微抹油的盆中。蓋上濕布或保鮮膜，在室溫（約 26°C~28°C）下發酵 1 小時。判斷標準：麵糰膨脹至 2 倍大，用手指沾麵粉戳入中間，戳出的洞口不回彈、不塌陷即可。
• 步驟 5：整形與二次發酵。排氣分團：將麵糰取出輕壓排氣，平均分割成 2 個或 3 個小麵糰。滾圓鬆弛：將小麵糰滾圓，蓋上保鮮膜，在室溫下鬆弛 15 分鐘（這樣等一下才好擀開）。擀捲入模：將麵糰擀成長牛舌狀，由上往下捲起。重複一次擀捲，收口朝下排入 450 克的吐司盒中。二次發酵：放進溫暖潮濕的地方（建議溫度 35°C~38°C，濕度 85%），發酵至吐司盒的 8~9 分滿（大約需要 50~60 分鐘）。小撇步：如果家裡沒有發酵箱，可以放進微波爐或烤箱內，旁邊放一杯熱水。
• 步驟 6：烘烤與出爐。預熱烤箱：在發酵快完成前，提前將烤箱預熱至上火 160°C / 下火 210°C（若無法調上下火，請用 180°C）。烘烤：不帶蓋（山形）烤約 25~30 分鐘；如果帶蓋烤，約 28~32 分鐘。※若不帶蓋，烘烤 10 分鐘表面上色後，記得蓋一張錫箔紙防止烤焦。震模出爐：出爐後，將吐司盒朝桌面上用力震一下（震出熱氣），立刻脫模並放在鐵網上冷卻。","• 液體與蛋黃必須保持冰涼，確保打麵糰時溫度不會過高。
• 若沒有發酵箱，烤箱內放一杯熱水即可製造溫暖潮濕的環境。","• 依照喜好可調整分割為 2 峰或 3 峰山形吐司。"
450g 吐司配方450 克(SANNENG)三能吐司盒
（1 無奶純水版）,"• 高筋麵粉：250g
• 速發乾酵母：3g
• 細砂糖：25g
• 鹽：4g
• 全蛋液：25g
• 冰水：150g
• 無鹽奶油：25g（後放）",,,
澄玄的 250克 減半不敗配方（蘭州拉麵）,"• 中筋麵粉：250 克（蛋白質 12.1g 那包）
• 鹽：5 克
• 微溫水（第一階段和麵用）：115 克（若室溫高於 28°C 則改用常溫冷水）
• 拉麵劑（蓬灰）：1.5 克（請務必精準秤重）
• 微溫水（第二階段化開拉麵劑用）：10 克
• 植物油：適量（最後步驟才用，目前保持桌面與雙手乾淨無油）","📌 步驟 1：廚師機和麵（機器代勞）把 5克鹽 徹底溶解在 115克水 中，一口氣全部倒入攪拌盆。緊接著把 250克中筋麵粉 全部倒在水上面。開啟廚師機最低速（1檔或2檔），攪拌大約 3 到 4 分鐘。🛑 防失敗停機點：看到盆子四周乾淨，麵團呈現大大小小、碎碎散散的粗棉絮狀或大碎麵疙瘩時，就代表初步起筋完成，請立刻關機！（千萬不要等它自己滾成一個大圓球，此時也絕對不要加拉麵劑）。
📌 步驟 2：手動捏團與第一次醒麵（進行中）清理案板，保持桌面完全乾淨、無水、無油。把盆裡所有碎麵塊倒在乾淨桌上，用雙手掌心使勁由外向內用力捏緊、擠壓，強行把它們抱團，揉成一個表面微粗糙、像硬黏土的整塊麵團。把硬麵團放回盤子或盆裡，蓋上密封保鮮膜或擰乾的濕布鎖住水分。原地靜置醒麵 40 ~ 60 分鐘（這段時間小麥蛋白質正瘋狂吸水並織出綿密的筋網，鹽正鎖死筋骨）。
📌 步驟 3：化開拉麵劑與手工搗麵（即將開始）趁麵團醒麵時，將 1.5克拉麵劑 溶解在 10克水 中，徹底攪拌均勻。放在一邊晾涼回到常溫（利用放熱反應加速溶解，但必須涼透才可用，否則會燙死麵筋）。醒麵 40 分鐘時間到，取出麵團在桌上壓扁。絕對不要用機器！ 雙手手掌沾滿已冷卻的拉麵劑水，雙手握緊拳頭，用手指關節像蓋印章一樣，用力向下搋（搗）遍整個麵團。麵團吸收水分變大後對折，雙手再沾拉麵劑水、重複握拳搗麵 2 到 3 分鐘。✨ 完美成型訊號：麵團會神奇融化，變得像耳垂一樣極度柔軟、充滿彈性、表面光滑白嫩且不黏手，輕輕一扯就能拉很長，此時立刻收手！
📌 步驟 4：手工溜麵（順筋排列）雙手握住麵團兩端拉長，對折，然後在桌上永遠順著同一個方向揉搓、摔打，強迫內部密網狀的麵筋排列成整齊的平行線。當麵團隨手一拉就能變得很長、而且粗細極度均勻時，溜麵即完成。
📌 步驟 5：切條、抹油、開拉！將這團極度聽話的柔軟麵團切開，用手搓成 2 到 3 條如筷子粗細的長條（劑子）。此時終於要用油了！ 表面刷上一層厚厚的植物油鎖住水分，整齊排好，蓋上塑膠袋。最後靜置 10 分鐘。時間到，雙手各拿一端，一邊在桌上輕輕摔打，一邊向兩側流暢地向外拉開，直接下鍋，美味的蘭州拉麵就大功告成了！","• 醒麵時間為 40 ~ 60 分鐘，務必讓麵筋充分水解。
• 拉麵劑水必須完全涼透才可使用，否則會燙死麵筋。
• 搗麵時只要達到「又軟又光又不黏、一拉就長」的狀態，就必須立刻收手。","• 適合 250 克麵粉的黃金比例減半配方，在家輕鬆拉出完美蘭州拉麵。"
