id,url,title,lyrics
"1","https://youtube.com/shorts/nUtG0EKVVzM?si=M26Cc2Mo9HpBn7GZ","My Heart Will Go On (我心永恆)","My Heart Will Go On (我心永恆)
Every night in my dreams I see you, I feel you,
每個深夜在我的夢中，我見到你，感受到你，
That is how I know you go on.
那就是我如何確信你一直都在。
Far across the distance and spaces between us,
跨越你我之間遙遠的距離與空間，
You have come to show you go on.
你出現在我面前，讓我知道你依然存在。
Near, far, wherever you are,
不論遠近，不論你在何處，
I believe that the heart does go on.
我相信心靈會永遠持續下去。
英語天天學講解網址：https://www.youtube.com/watch?v=uUm3L-sN96M"
"2","https://youtube.com/shorts/bxOiN0N4srM?si=BkiQTxLQG_q3ywUW","Scarborough Fair (斯卡伯勒集市)","Scarborough Fair (斯卡伯勒集市)
Are you going to Scarborough Fair?
你正要去斯卡伯勒集市嗎？
Parsley, sage, rosemary and thyme,
洋蘇草、鼠尾草、迷迭香和百里香，
Remember me to one who lives there,
請代我問候那裡的一位居民，
He once was a true love of mine.
他曾是我真摯的愛人。"
"3","https://youtube.com/shorts/wAkmUditlUA?si=vJKg-79dWaJy8Kr2","Yesterday Once More (昨日重現)","Yesterday Once More (昨日重現)
Those were such happy times,
那曾是多麼快樂的時光，
And not so long ago.
而且就在不久之前。
How I wondered where they'd gone,
我常在想那些日子都去哪了，
But they're back again, just like a long lost friend,
但它們又回來了，就像一位久別重逢的朋友，
All the songs I love so well.
那些我深愛的歌曲也全都回來了。"
"4","https://youtube.com/shorts/_vARaZCTtqg?si=I8meENsspU37Rx1t","Take Me to Your Heart (帶我走進你的心 / 吻別)","Take Me to Your Heart (帶我走進你的心 / 吻別)
Hiding from the rain and snow,
躲避著漫天的風雪，
Trying to forget but I won't let go,
試著去忘記，但我就是不願放手，
Looking at a crowded street,
望著熙熙攘攘的街道，
Listening to my own heartbeat,
聽著自己孤單的心跳聲，
So many people all around the world,
這世界上有這麼多的人，
Tell me where do I find someone like you girl?
告訴我，我該去哪裡才能找到像你這樣的女孩？"
"5","https://youtube.com/shorts/TKDFN1dAV3U?si=f-VlGw7jrgourzpo","The Sound of Silence (寂靜之聲)","The Sound of Silence (寂靜之聲)
Hello darkness, my old friend,
哈囉，黑暗，我的老朋友，
I've come to talk with you again,
我又來找你聊天說話了，
Because a vision softly creeping,
因為一個幻象正悄悄地蔓延，
Left its seeds while I was sleeping,
在我熟睡的時候留下了種子，
And the vision that was planted in my brain,
而那個深植於我腦海中的景象，
Still remains within the sound of silence.
依然迴盪在寂靜之聲中。"
"6","https://youtu.be/eLSOXxHa8Ps?si=InUW0bszRBbXa8uk","周育如老師kk音標教唸","📘 第一篇：子音直覺對照表（所有子音集中，單字在前版）
澄玄，這裡就是最乾淨的子音部隊。看著 [KK 音標] 與注音符號，直接在腦中拼出最純粹的英文子音：

· 【01】 a [æ] / [e]
➔ 第一種直覺（短音）：發 [æ] ➔ 「[ㄟ] 嘴巴張開」（如 cat 貓）
➔ 第二種直覺（長音）：發 [e] ➔ 「欸」（如 cake 蛋糕）
· 【02】 b [b] ➔ ㄅ （如 bag 包包，就是最乾淨的 ㄅ）
· 【03】 c [k] / [s] ➔ ⚠️ 會變裝的子音
➔ 後面接 a, o, u 讀作 [k] ➔ ㄎ（如 cat 貓、cow 牛）
➔ 後面接 e, i, y 讀作 [s] ➔ ㄙ（如 city 城市、cent 一分錢）
· 【04】 d [d] ➔ ㄉ （如 dog 狗，舌尖彈開的 ㄉ）
· 【05】 e [ɛ] / [i]
➔ 第一種直覺（短音）：發 [ɛ] ➔ 「ㄝ」（如 bed 床、egg 蛋）
➔ 第二種直覺（長音）：發 [i] ➔ 「一～～」（如 me 我、see 看見）
· 【06】 f [f] ➔ ㄈ （如 fish 魚，上牙咬下唇的 ㄈ）
· 【07】 g [g] ➔ ㄍ （如 good 好，舌根彈開的 ㄍ）
· 【08】 h [h] ➔ ㄏ （如 hat 帽子、hot 熱，就是從喉嚨哈氣的 ㄏ）
· 【09】 i [ɪ] / [aɪ]
➔ 第一種直覺（短音）：發 [ɪ] ➔ 「ㄧ」（如 pig 豬、sit 坐）
➔ 第二種直覺（長音）：發 [aɪ] ➔ 「愛」（如 kite 風箏、light 光）
· 【10】 j [dʒ] ➔ 「居」（如 jump 跳、juice 果汁，讀起來粗重、帶有厚度）
· 【11】 k [k] ➔ ㄎ （如 kite 風箏，舌根噴氣的 ㄎ）
· 【12】 l [l] ➔ ⚠️ 會根據位置變裝的子音
➔ 站在前面讀 ➔ [l] ➔ ㄌ （如 light 光，舌尖往前彈開）
➔ 躲在後面讀 ➔ [l] ➔ ㄡ / ㄨ 的低沉尾音 （如 ball 球，舌根往後縮）
· 【13】 m [m] ➔ ㄇ
➔ 站在前面讀 ➔ [m] ➔ ㄇ （如 milk 牛奶，雙唇乾脆彈開）
➔ 躲在後面讀 ➔ [m] ➔ 閉嘴的喉嚨鼻音 （如 ham 火腿，雙唇必須完全閉死）
· 【14】 n [n] ➔ ㄋ
➔ 站在前面讀 ➔ [n] ➔ ㄋ （如 no 不，舌尖頂上顎）
➔ 躲在後面讀 ➔ [n] ➔ 開嘴的頂舌鼻音 （如 pen 筆，嘴巴微張、舌尖頂住上齒齦，類似 ㄣ）
· 【15】 o [ɑ] / [o]
➔ 第一種直覺（短音）：發 [ɑ] ➔ 「阿」（如 hot 熱、dog 狗）
➔ 第二種直覺（長音）：發 [o] ➔ 「歐」（如 no 不、home 家）
· 【16】 p [p] ➔ ㄆ （如 pen 筆，用力噴氣的 ㄆ）
· 【17】 Q [kw] ➔ 「ㄎㄨㄛ」 （⚠️ 永遠會跟 21 號 u 連用成 qu，如 queen 皇后）
· 【18】 R [r] ➔ 「ㄖㄨㄛ」 （⚠️ 舌頭要懸空，絕對不能碰到嘴巴上顎，如 red 紅色）
· 【19】 s [s] ➔ ㄙ （如 sun 太陽，齒縫漏氣的 ㄙ）
· 【20】 t [t] ➔ ㄊ （如 tea 茶，舌尖噴氣的 ㄊ）
· 【21】 u [ʌ] / [u]
➔ 第一種直覺（短音）：發 [ʌ] ➔ 「ㄚ 嘴巴半開」（如 bus 公車、cup 杯子）
➔ 第二種直覺（長音）：發 [u] ➔ 「屋～～」（如 rule 規則）
· 【22】 V [v] ➔ 「帶震動的 ㄈ」 （⚠️ 嘴型 is ㄈ，但喉嚨要發出震動聲，如 van 麵包車）
· 【23】 W [w] ➔ 「ㄨ」 （直接對應注音 ㄨ，如 water 水、win 贏）
· 【24】 x [ks] / [z]
➔ 躲在後面讀作 ➔ [ks] ➔ 「克斯」（如 fox 狐狸）
➔ 站在前面讀作 ➔ [z] ➔ 「日～」（如 Xylophone 木琴，帶有震動聲）
· 【25】 Y [j] ➔ 「ㄧ」 （放在字首時直接當作注音 ㄧ，如 yes 是的、you 你）
· 【26】 z [z] ➔ 「日～」（如 zoo 動物園，讀起來像蜜蜂嗡嗡嗡、帶有強烈震動）

🟡 二合一雙字母組合區
- 【19 + 08】 sh [ʃ] ➔ ㄕ （如 show 表演、shoes 鞋子，就是最自然的 ㄕ）
- 【03 + 08】 ch [tʃ] ➔ ㄔ （如 chair 椅子、church 教堂，就是捲舌的 ㄔ）
- 【20 + 08】 th [θ] ➔ ㄙ （稍微咬舌頭） （如 thank you 謝謝，舌尖要在牙齒中間露一下）

📙 第二篇：母音直覺對照表（5個核心母音）

· 【01】 a [æ] / [e]
➔ 第一種直覺（短音）：發 [æ] ➔ 「[ㄟ] 嘴巴張開」（如 cat 貓）
➔ 第二種直覺（長音）：發 [e] ➔ 「欸」（如 cake 蛋糕）
· 【05】 e [ɛ] / [i]
➔ 第一種直覺（短音）：發 [ɛ] ➔ 「ㄝ」（如 bed 床、egg 蛋）
➔ 第二種直覺（長音）：發 [i] ➔ 「一～～」（如 me 我、see 看見）
· 【09】 i [ɪ] / [aɪ]
➔ 第一種直覺（短音）：發 [ɪ] ➔ 「ㄧ」（如 pig 豬、sit 坐）
➔ 第二種直覺（長音）：發 [aɪ] ➔ 「愛」（如 kite 風箏、light 光）
· 【15】 o [ɑ] / [o]
➔ 第一種直覺（短音）：發 [ɑ] ➔ 「阿」（如 hot 熱、dog 狗）
➔ 第二種直覺（長音）：發 [o] ➔ 「歐」（如 no 不、home 家）
· 【21】 u [ʌ] / [u]
➔ 第一種直覺（短音）：發 [ʌ] ➔ 「ㄚ 嘴巴半開」（如 bus 公車、cup 杯子）
➔ 第二種直覺（長音）：發 [u] ➔ 「屋～～」（如 rule 規則）"
"7","https://www.youtube.com/watch?v=TyN5rMYoPgY","Rhythm of the Rain (雨中的旋律)","Rhythm of the Rain (雨中的旋律)
The only girl I care about is gone away
我唯一在乎的女孩離我而去了
Looking for a brand new start
去尋找全新的開始
But little does she know that when she left that day
她不知道的是，在她離開的那一天
Along with her she took my heart
她連同我的心也一起帶走了
Rain, please tell me now
雨啊，請現在告訴我
Does that seem fair for her to steal my heart away when she don't care?
在她根本不在乎的情況下偷走我的心，這公平嗎？
I can't love another when my heart's somewhere far away
當我的心還留在遙遠的地方，我再也無法去愛其他人了"
"8","https://www.youtube.com/shorts/uwKXv3GsMTg","500 Miles (離家五百哩)","500 Miles (離家五百哩)
If you miss the train I'm on
如果你錯過了我坐的那班列車
You will know that I am gone
你會知道我已經離開了
You can hear the whistle blow a hundred miles
你可以聽到那在百哩之外響起的汽笛聲
A hundred miles, a hundred miles
一百哩，兩百哩
A hundred miles, a hundred miles
三百哩，四百哩
You can hear the whistle blow a hundred miles
你可以聽到汽笛聲響徹在百哩之外
Lord, I'm one, Lord, I'm two, Lord, I'm three, Lord, I'm four
天啊，我已離家一百哩、兩百哩、三百哩、四百哩
Lord, I'm five hundred miles away from home
天啊，我已經身在離家五百哩的地方了"
"9","https://youtu.be/HLy0bHsHeKQ","Lemon Tree (檸檬樹)","Lemon Tree (檸檬樹)
I'm sitting here in a boring room
我獨自坐在這無聊的房間裡
It's just another rainy Sunday afternoon
這不過是另一個下著雨的週日午後
I'm wasting my time, I got nothing to do
我正在浪費時間，無所事事
I'm hanging around, I'm waiting for you
我到處閒晃，等待著你
But nothing ever happens, and I wonder
但什麼事也沒發生，我感到茫然疑惑
I'm driving around in my car
我開著車到處兜風
I'm driving too fast, I'm driving too far
我開得太快，開得太遠
I'd like to change my point of view
我想改變一下我的看待視角
I feel so lonely, I'm waiting for you
我感到如此孤單，等待著你
But nothing ever happens, and I wonder
但什麼事也沒發生，我感到茫然疑惑
I wonder how, I wonder why
我想知道為什麼，我想知道原因
Yesterday you told me about the blue blue sky
昨天你還跟我說起那蔚藍的天空
And all that I can see is just a yellow lemon tree
而我所能看見的，只有一棵黃色的檸檬樹
I'm turning my head up and down
我把頭上下轉動
I'm turning, turning, turning, turning, turning around
我轉啊轉，轉啊轉，轉過身來
And all that I can see is just another lemon tree
而我所能看見的，就只是另一棵檸檬樹
I'm sitting here, I miss the power
我坐在這裡，感到無精打采 / 失去動力
I'd like to go out, taking a shower
我想出去洗個澡
But there's a heavy cloud inside my head
但我的腦海裡有一片沉重的烏雲
I feel so tired, put myself into bed
我感到好累，把自己扔進床裡
Well, nothing ever happens, and I wonder
唉，什麼事也沒發生，我感到茫然疑惑
Isolation is not good for me
孤立寂寞對我沒有好處
Isolation, I don't want to sit on a lemon tree
孤獨寂寞，我不想坐在檸檬樹上
I'm stepping around in a desert of joy
我在歡樂的沙漠中漫步走動
Baby, anyhow I'll get another toy
寶貝，無論如何我會得到另一個玩具
And everything will happen, and you wonder
然後一切都會發生，而你感到驚奇
I wonder how, I wonder why
我想知道為什麼，我想知道原因
Yesterday you told me about the blue blue sky
昨天你還跟我說起那蔚藍的天空
And all that I can see is just a yellow lemon tree
而我所能看見的，只有一棵黃色的檸檬樹
I'm turning my head up and down
I'm turning, turning, turning, turning, turning around
我轉啊轉，轉啊轉，轉過身來
And all that I can see is just another lemon tree
而我所能看見的，就只是另一棵檸檬樹
And all that I can see is just the yellow lemon tree
而我所能看見的，就只有那棵黃色的檸檬樹
英語天天學講解網址：https://www.youtube.com/watch?v=rK8ognqtMEc"
"10","https://youtu.be/iERq_7Gjp5k?si=8xM5rL6sDsr0diIO","You Raise Me Up (你鼓舞了我)","You Raise Me Up (你鼓舞了我)
When I am down and, oh my soul, so weary
當我失落沮喪、靈魂無比疲憊時
When troubles come and my heart burdened be
當困難重重、我的內心不堪重負時
Then, I am still and wait here in the silence
然而，我會在此靜靜沉思等待
Until you come and sit awhile with me
直到你到來，陪伴我小坐片刻
You raise me up, so I can stand on mountains
你鼓舞了我，讓我能屹立於群山之巔
You raise me up, to walk on stormy seas
你鼓舞了我，讓我能跨越狂風暴雨的大海
I am strong, when I am on your shoulders
當依靠在你的肩膀上時，我變得無比堅強
You raise me up to more than I can be
你鼓舞了我，讓我超越了原本的自己
英語天天學講解網址：https://www.youtube.com/watch?v=uUm3L-sN96M"
"11","https://youtube.com/shorts/NyHO7NIOClo?si=W_ob2p_s5eGyQRgb","Hey Jude (嘿，朱德)","Hey Jude (嘿，朱德)
Hey Jude, don't make it bad
嘿，朱德，別那麼沮喪
Take a sad song and make it better
唱一首悲傷的歌，讓情況好起來吧
Remember to let her into your heart
記得將她納入你的心房
Then you can start to make it better
然後你就能開始讓一切變得更美好
教學影片(上篇)：https://youtu.be/-78pjUmmXdE?si=KBDEWGEsIYqFklGj
教學影片(下篇)：https://www.youtube.com/watch?v=cMC375_dLVU"

